actor,url,status
Cameron Saffle,https://www.reelshort.com/tags/movie-actors/cameron-saffle-movies-676d21074582b53a14081698,done
Thomas William King,https://www.reelshort.com/tags/movie-actors/thomas-william-king-movies-676d21074582b53a14081690,done
Roman Chsherbakov,https://www.reelshort.com/tags/movie-actors/roman-chsherbakov-movies-676d21074582b53a1408169c,done
Ian Schutzman,https://www.reelshort.com/tags/movie-actors/ian-schutzman-movies-678f55ebcc9e990d920a437f,done
J.J. Michaels,https://www.reelshort.com/tags/movie-actors/j-j-michaels-movies-678f55d18b1f1c3fbb041571,done
Aaron Oberst,https://www.reelshort.com/tags/movie-actors/aaron-oberst-movies-676d21084582b53a14081718,done
Adam Daniel,https://www.reelshort.com/tags/movie-actors/adam-daniel-movies-67dbff5e23e27a86ed0d31a3,done
James Oblak,https://www.reelshort.com/tags/movie-actors/james-oblak-movies-67dbff5e23e27a86ed0d31b4,done
David James,https://www.reelshort.com/tags/movie-actors/david-james-movies-67dbff5e23e27a86ed0d31ba,done
Samuel O Morgan,https://www.reelshort.com/tags/movie-actors/samuel-o-morgan-movies-67dbff5e23e27a86ed0d31a8,done
Tim Stein,https://www.reelshort.com/tags/movie-actors/tim-stein-movies-67dbff5e23e27a86ed0d31a9,done
Griffin Blazi,https://www.reelshort.com/tags/movie-actors/griffin-blazi-movies-67dbff5e23e27a86ed0d31b7,done
Ben Armstrong,https://www.reelshort.com/tags/movie-actors/ben-armstrong-movies-676d21084582b53a1408171b,done
Tristan Rewald,https://www.reelshort.com/tags/movie-actors/tristan-rewald-movies-676d21074582b53a140816db,done
Andrew Fultz,https://www.reelshort.com/tags/movie-actors/andrew-fultz-movies-67dbff5e23e27a86ed0d31bf,done
Harrison Harber,https://www.reelshort.com/tags/movie-actors/harrison-harber-movies-67dbff5e23e27a86ed0d31ac,done
Samuel Irwin Hill,https://www.reelshort.com/tags/movie-actors/samuel-irwin-hill-movies-67dbff5e23e27a86ed0d31c3,done
Justin Daniel Price,https://www.reelshort.com/tags/movie-actors/justin-daniel-price-movies-67dbff5e23e27a86ed0d31cc,done
Ali Badalov,https://www.reelshort.com/tags/movie-actors/ali-badalov-movies-676d21074582b53a14081682,done
Carter Sirianni,https://www.reelshort.com/tags/movie-actors/carter-sirianni-movies-67dbff5e23e27a86ed0d31c1,done
Evan Adams,https://www.reelshort.com/tags/movie-actors/evan-adams-movies-676d21084582b53a14081712,done
Adam Huss,https://www.reelshort.com/tags/movie-actors/adam-huss-movies-676d21074582b53a1408167c,done
Evan Wick,https://www.reelshort.com/tags/movie-actors/evan-wick-movies-676d21084582b53a140816f4,done
Jordan Roy Frank,https://www.reelshort.com/tags/movie-actors/jordan-roy-frank-movies-676d21084582b53a1408171c,done
Drew Ater,https://www.reelshort.com/tags/movie-actors/drew-ater-movies-676d21084582b53a14081724,done
Aidan Miguel Browne,https://www.reelshort.com/tags/movie-actors/aidan-miguel-browne-movies-676d21084582b53a14081708,done
Connor Tuohy,https://www.reelshort.com/tags/movie-actors/connor-tuohy-movies-676d21074582b53a1408167b,done
Kasey Esser,https://www.reelshort.com/tags/movie-actors/kasey-esser-movies-676d21074582b53a14081673,done
Jarred Harper,https://www.reelshort.com/tags/movie-actors/jarred-harper-movies-676d21074582b53a14081674,done
Nicholas Rodrigues,https://www.reelshort.com/tags/movie-actors/nicholas-rodrigues-movies-676d21074582b53a140816a8,done
Richard Sharrah,https://www.reelshort.com/tags/movie-actors/richard-sharrah-movies-676d21074582b53a14081668,done
Noah Fearnley,https://www.reelshort.com/tags/movie-actors/noah-fearnley-movies-676d21074582b53a1408167d,done
Luke Charles Stafford,https://www.reelshort.com/tags/movie-actors/luke-charles-stafford-movies-676d21074582b53a1408166e,done
Levi Peterson,https://www.reelshort.com/tags/movie-actors/levi-peterson-movies-676d21074582b53a1408167f,done
Sam Myerson,https://www.reelshort.com/tags/movie-actors/sam-myerson-movies-676d21074582b53a1408166c,done
Seth Edeen,https://www.reelshort.com/tags/movie-actors/seth-edeen-movies-676d21074582b53a14081667,done
Alex Trumble,https://www.reelshort.com/tags/movie-actors/alex-trumble-movies-676d21074582b53a14081681,done
Jacob Douglas Hobbs,https://www.reelshort.com/tags/movie-actors/jacob-douglas-hobbs-movies-676d21074582b53a1408169a,done
Chad Wrinkles,https://www.reelshort.com/tags/movie-actors/chad-wrinkles-movies-676d21084582b53a14081716,done
Alex Pychtin,https://www.reelshort.com/tags/movie-actors/alex-pychtin-movies-676d21074582b53a14081688,done
Aaron Babcock,https://www.reelshort.com/tags/movie-actors/aaron-babcock-movies-676d21084582b53a140816e3,done
Jesse Morales,https://www.reelshort.com/tags/movie-actors/jesse-morales-movies-676d21074582b53a1408166f,done
Scott Cooper,https://www.reelshort.com/tags/movie-actors/scott-cooper-movies-676d21074582b53a140816af,done
Chris Quartuccio,https://www.reelshort.com/tags/movie-actors/chris-quartuccio-movies-676d21074582b53a14081670,done
Tyler Johnson Ellis,https://www.reelshort.com/tags/movie-actors/tyler-johnson-ellis-movies-676d21074582b53a14081689,done
Sully Christian,https://www.reelshort.com/tags/movie-actors/sully-christian-movies-676d21084582b53a140816fb,done
Samantha Drews,https://www.reelshort.com/tags/movie-actresses/samantha-drews-movies-676d210a4582b53a14081825,done
Morgan Tate,https://www.reelshort.com/tags/movie-actresses/morgan-tate-movies-678f57c9162bcbe4dc0ac08d,done
Neela Jolene,https://www.reelshort.com/tags/movie-actresses/neela-jolene-movies-676d210a4582b53a140818a3,done
Candace Mizga,https://www.reelshort.com/tags/movie-actresses/candace-mizga-movies-676d210a4582b53a14081813,done
Finley Riter,https://www.reelshort.com/tags/movie-actresses/finley-riter-movies-676d210b4582b53a140818a8,done
Eli Jane,https://www.reelshort.com/tags/movie-actresses/eli-jane-movies-676d210a4582b53a14081879,done
Maya Jenson,https://www.reelshort.com/tags/movie-actresses/maya-jenson-movies-676d210b4582b53a140818c2,done
Anna Stadler,https://www.reelshort.com/tags/movie-actresses/anna-stadler-movies-676d210b4582b53a140818cb,done
Julia Magdalena,https://www.reelshort.com/tags/movie-actresses/julia-magdalena-movies-678f57805a02598ba5007cb1,done
Peyton Alicia Tucker,https://www.reelshort.com/tags/movie-actresses/peyton-alicia-tucker-movies-678f5764b5092911010fb60a,done
Tess Dinerstein,https://www.reelshort.com/tags/movie-actresses/tess-dinerstein-movies-678f57e5e4862172c40816d6,pending
Alessia Medina,https://www.reelshort.com/tags/movie-actresses/alessia-medina-movies-678f579e92f59f52a208b33b,pending
Nadia Wilemski,https://www.reelshort.com/tags/movie-actresses/nadia-wilemski-movies-67dbff5f23e27a86ed0d320c,pending
Anna DeRusso,https://www.reelshort.com/tags/movie-actresses/anna-derusso-movies-676d210a4582b53a1408189e,pending
Alyriana Ivey,https://www.reelshort.com/tags/movie-actresses/alyriana-ivey-movies-67dbff5f23e27a86ed0d320b,pending
Tina Mirka,https://www.reelshort.com/tags/movie-actresses/tina-mirka-movies-67dbff5f23e27a86ed0d31ff,pending
Hannah Lowery,https://www.reelshort.com/tags/movie-actresses/hannah-lowery-movies-67dbff5f23e27a86ed0d3202,pending
Madeleine Rocha-Barnette,https://www.reelshort.com/tags/movie-actresses/madeleine-rocha-barnette-movies-67dbff5f23e27a86ed0d3209,pending
Abigail Stanton,https://www.reelshort.com/tags/movie-actresses/abigail-stanton-movies-67dbff5f23e27a86ed0d3211,pending
Arielle Cartwright,https://www.reelshort.com/tags/movie-actresses/arielle-cartwright-movies-67dbff5f23e27a86ed0d3214,pending
Sarah Jayne Rothkopf,https://www.reelshort.com/tags/movie-actresses/sarah-jayne-rothkopf-movies-676d210b4582b53a140818ce,pending
Christine Gonzalez,https://www.reelshort.com/tags/movie-actresses/christine-gonzalez-movies-676d210a4582b53a14081875,pending
Moriah Boone,https://www.reelshort.com/tags/movie-actresses/moriah-boone-movies-676d210a4582b53a1408181a,pending
Malone Thomas,https://www.reelshort.com/tags/movie-actresses/malone-thomas-movies-676d210a4582b53a14081845,pending
Eloise Lola Gordon,https://www.reelshort.com/tags/movie-actresses/eloise-lola-gordon-movies-678f5733473b9af0c3030d8b,pending
Violet Bennett,https://www.reelshort.com/tags/movie-actresses/violet-bennett-movies-676d210a4582b53a140818a0,pending
Bella Mraz,https://www.reelshort.com/tags/movie-actresses/bella-mraz-movies-676d210a4582b53a140818a2,pending
Tiffany Alvord,https://www.reelshort.com/tags/movie-actresses/tiffany-alvord-movies-676d210a4582b53a14081897,pending
Avery Lynch,https://www.reelshort.com/tags/movie-actresses/avery-lynch-movies-676d210a4582b53a14081811,pending
Daniela Couso,https://www.reelshort.com/tags/movie-actresses/daniela-couso-movies-676d210a4582b53a14081823,pending
Grace Swanson,https://www.reelshort.com/tags/movie-actresses/grace-swanson-movies-676d210a4582b53a1408181f,pending
Maria Barseghian,https://www.reelshort.com/tags/movie-actresses/maria-barseghian-movies-676d210a4582b53a1408181b,pending
Alena Savostikova,https://www.reelshort.com/tags/movie-actresses/alena-savostikova-movies-676d210a4582b53a14081854,pending
Ashley Michelle Grant,https://www.reelshort.com/tags/movie-actresses/ashley-michelle-grant-movies-676d210a4582b53a14081820,pending
Haley Lohrli,https://www.reelshort.com/tags/movie-actresses/haley-lohrli-movies-676d210a4582b53a1408180a,pending
Rebecca Stoughton,https://www.reelshort.com/tags/movie-actresses/rebecca-stoughton-movies-676d210a4582b53a14081837,pending
Molly Anderson,https://www.reelshort.com/tags/movie-actresses/molly-anderson-movies-676d210a4582b53a14081810,pending
Brittney Rae,https://www.reelshort.com/tags/movie-actresses/brittney-rae-movies-676d210a4582b53a14081821,pending
Autumn Noel,https://www.reelshort.com/tags/movie-actresses/autumn-noel-movies-676d210a4582b53a1408184e,pending
Sarah Noelle,https://www.reelshort.com/tags/movie-actresses/sarah-noelle-movies-676d210a4582b53a1408180d,pending
Nicole Mattox,https://www.reelshort.com/tags/movie-actresses/nicole-mattox-movies-676d210a4582b53a1408182d,pending
Emma Hullar,https://www.reelshort.com/tags/movie-actresses/emma-hullar-movies-676d210a4582b53a1408180b,pending
Alyona Real,https://www.reelshort.com/tags/movie-actresses/alyona-real-movies-676d210a4582b53a14081819,pending
Meg Bush,https://www.reelshort.com/tags/movie-actresses/meg-bush-movies-676d210a4582b53a1408180c,pending
Christine Oswald,https://www.reelshort.com/tags/movie-actresses/christine-oswald-movies-676d210a4582b53a1408182b,pending
Caitlyn Cosette Lucero,https://www.reelshort.com/tags/movie-actresses/caitlyn-cosette-lucero-movies-676d210a4582b53a1408184c,pending
Juliet Chevelle,https://www.reelshort.com/tags/movie-actresses/juliet-chevelle-movies-676d210a4582b53a1408180e,pending
