title_id,platform_id,view_count,date
married-the-mafioso-i-saved,reelshort,154.1M,2026-07-14
fated-to-the-alpha,reelshort,134.9M,2026-07-14
escorting-the-heiress,reelshort,93.8M,2026-07-14
the-virgin-s-bucket-list,reelshort,84.2M,2026-07-14
find-your-way-back-to-me-my-childhood-sweetheart,reelshort,31.3M,2026-07-14
fated-to-my-billionaire-call-boy,reelshort,9.5M,2026-07-14
fated-to-my-forbidden-alpha,reelshort,217.6M,2026-07-14
your-husband-is-mine,reelshort,82.9M,2026-07-14
i-accidentally-hired-a-billionaire-husband,reelshort,66.6M,2026-07-14
hillbilly-girlie-marries-a-billionaire,reelshort,60.3M,2026-07-14
the-secret-of-my-billion-dollar-marriage,reelshort,52.1M,2026-07-14
goodbye-my-ceo,reelshort,47.8M,2026-07-14
the-alpha-s-daughter,reelshort,36.1M,2026-07-14
freeze-my-wanted-lover,reelshort,10.5M,2026-07-14
undercover-heiress,reelshort,8.4M,2026-07-14
the-senator-s-son,reelshort,96.1M,2026-07-14
kissed-by-claw-and-fang,reelshort,87.7M,2026-07-14
summer-situationship,reelshort,69.5M,2026-07-14
oops-i-m-in-love-with-my-stepbrother,reelshort,39.3M,2026-07-14
the-virgin-camp-counselor,reelshort,34.6M,2026-07-14
the-lost-prima-ballerina,reelshort,78.4M,2026-07-14
my-secret-husband-is-my-boss,reelshort,78.1M,2026-07-14
stop-crying-i-married-someone-better,reelshort,65.4M,2026-07-14
caution-cute-baby-alert,reelshort,58.1M,2026-07-14
queen-mom-rules,reelshort,53.2M,2026-07-14
campaigning-for-love,reelshort,10M,2026-07-14
you-fired-a-genius-surgeon,reelshort,31M,2026-07-14
mr-hills-adorable-wife,reelshort,131.8M,2026-07-14
dominated-by-my-dad-s-boss,reelshort,90.4M,2026-07-14
queen-of-the-court,reelshort,53.9M,2026-07-14
swapped-my-ex-for-his-billionaire-uncle,reelshort,93.1M,2026-07-14
meet-my-brothers,reelshort,23.3M,2026-07-14
rented-a-billionaire-husband-for-christmas,reelshort,58.9M,2026-07-14
the-billionaire-and-the-baby-trap,reelshort,21.6M,2026-07-14
american-sniper-the-last-round,reelshort,202.7M,2026-07-14
the-cooking-queen-a-recipe-for-divorce,reelshort,56.5M,2026-07-14
the-break-up-bet-with-my-billionaire-ex,reelshort,21.4M,2026-07-14
mistaken-as-his-mate-the-luna-s-regret,reelshort,67.2M,2026-07-14
fuel-to-our-fire-my-racer-stepbrother,reelshort,48.6M,2026-07-14
taming-the-lion-billionaire-on-bikes,reelshort,62.2M,2026-07-14
i-m-pregnant-let-s-break-up,reelshort,45.5M,2026-07-14
heiress-crash-lands-on-her-husband,reelshort,153M,2026-07-14
mafia-boss-takes-high-school,reelshort,36.6M,2026-07-14
backstage-romance-with-the-popstar,reelshort,23.8M,2026-07-14
i-flash-married-my-best-friend,reelshort,43.9M,2026-07-14
you-ve-got-male,reelshort,47.5M,2026-07-14
the-call-boy-i-met-in-paris,reelshort,168.8M,2026-07-14
genius-baby-gets-daddy-back,reelshort,59M,2026-07-14
my-husband-regrets-divorcing-me,reelshort,58.7M,2026-07-14
love-me-two-times,reelshort,18.5M,2026-07-14
the-double-life-of-my-billionaire-husband,reelshort,522.3M,2026-07-14
snatched-a-billionaire-to-be-my-husband,reelshort,198.1M,2026-07-14
we-are-never-ever-getting-back-together,reelshort,115.4M,2026-07-14
the-return-of-my-drama-queen,reelshort,8.6M,2026-07-14
the-ceo-s-contract-wife,reelshort,116.2M,2026-07-14
money-guns-and-a-merry-christmas,reelshort,274.2M,2026-07-14
the-heiress-and-her-possessive-bodyguard,reelshort,38.9M,2026-07-14
big-bad-husband-please-wake-up,reelshort,115.2M,2026-07-14
big-bad-husband-please-wake-up-2,reelshort,25M,2026-07-14
fatal-attraction-a-dark-mafia-romance,reelshort,49.3M,2026-07-14
hello-let-s-get-married,reelshort,51.9M,2026-07-14
uncle-william-please-say-i-do,reelshort,72.8M,2026-07-14
escorting-the-ruthless-billionaire-doctor,reelshort,111.3M,2026-07-14
surrender-to-my-professor,reelshort,168.2M,2026-07-14
her-double-his-trouble,reelshort,34.4M,2026-07-14
dark-notes,reelshort,8.7M,2026-07-14
daddy-december,reelshort,23.6M,2026-07-14
pucked-and-pregnant,reelshort,13.9M,2026-07-14
move-aside-i-m-the-final-boss,reelshort,314M,2026-07-14
you-fired-a-tech-genius,reelshort,100M,2026-07-14
cooking-my-way-back-to-love,reelshort,81.3M,2026-07-14
the-deaf-heiress-s-secret,reelshort,55.2M,2026-07-14
understated-guardian-king,reelshort,21M,2026-07-14
i-m-the-one-in-charge,reelshort,842.3k,2026-07-14
my-billionaire-ever-after,reelshort,43.4M,2026-07-14
wrong-marriage-fated-groom,reelshort,45.7M,2026-07-14
the-lady-boss-s-small-town-valentine,reelshort,27.7M,2026-07-14
pregnant-by-my-tough-daddy-ceo,reelshort,68.3M,2026-07-14
falling-for-my-ex-s-mafia-dad,reelshort,175.9M,2026-07-14
homeless-billionaire-baby-daddy,reelshort,41.6M,2026-07-14
claimed-by-the-alpha-i-hate,reelshort,124.9M,2026-07-14
maid-for-my-nemesis,reelshort,155M,2026-07-14
if-loving-you-is-a-sin-then-i-ll-go-to-hell,reelshort,130.4M,2026-07-14
the-words,reelshort,62M,2026-07-14
30-days-till-i-marry-my-husband-s-nemesis,reelshort,70.5M,2026-07-14
the-ex-wife-s-comeback-strategy,reelshort,24.8M,2026-07-14
married-a-gardener-got-a-prince,reelshort,11.1M,2026-07-14
runaway-billionaire-becomes-my-groom,reelshort,42.2M,2026-07-14
love-me-after-my-death,reelshort,17.7M,2026-07-14
the-billionaire-firefighter-and-his-sweet-wife,reelshort,37.7M,2026-07-14
falling-for-my-dad-s-best-friend,reelshort,21.5M,2026-07-14
my-loser-daddy-is-a-big-shot,reelshort,22.6M,2026-07-14
audrey-in-full-bloom,reelshort,32.9M,2026-07-14
help-my-hot-boss-has-my-nudes,reelshort,13.7M,2026-07-14
saved-by-the-sexy-cowboy,reelshort,48.4M,2026-07-14
pregnant-by-my-ex-s-dad,reelshort,64.8M,2026-07-14
sleeping-with-the-president,reelshort,16.3M,2026-07-14
alpha-s-regret,reelshort,13.9M,2026-07-14
captured-and-bound-by-my-ceo,reelshort,50.6M,2026-07-14
tricked-into-having-my-ex-husband-s-baby,reelshort,15.5M,2026-07-14
straight-a-pregnancy,reelshort,42.1M,2026-07-14
good-with-her-hands,reelshort,39M,2026-07-14
baby-please-don-t-marry-him,reelshort,29.6M,2026-07-14
billionaire-completes-my-bucket-list,reelshort,10.4M,2026-07-14
the-one-i-never-forget,reelshort,16.6M,2026-07-14
secret-surrogate-to-the-mafia-king,reelshort,110.8M,2026-07-14
stay-at-home-dad-levels-up,reelshort,23.5M,2026-07-14
countdown-to-life-rescue-at-30-000-feet,reelshort,36.9M,2026-07-14
betraying-my-billionaire-husband,reelshort,62.8M,2026-07-14
true-heiress-vs-fake-queen-bee,reelshort,448.5M,2026-07-14
true-luna,reelshort,92.8M,2026-07-14
the-billionaire-s-baby-bargain,reelshort,130.6M,2026-07-14
omg-i-got-married-in-vegas,reelshort,53M,2026-07-14
resisting-mr-lloyd-an-age-gap-romance,reelshort,103.3M,2026-07-14
mommy-don-t-cry-daddy-is-sorry,reelshort,224.3M,2026-07-14
my-firefighter-fiancee-returns-as-a-billionaire,reelshort,22.7M,2026-07-14
sadness-knows-no-boundaries,reelshort,40M,2026-07-14
daisy-tucker-and-mr-nyc,reelshort,49.3M,2026-07-14
america-s-favorite-ex-husband,reelshort,26.3M,2026-07-14
someone-loved-is-never-lost,reelshort,40.3M,2026-07-14
daddy-i-m-your-lucky-star,reelshort,55.8M,2026-07-14
do-not-disturb-lady-boss-in-disguise,reelshort,129.5M,2026-07-14
the-billionaire-s-accidental-bride,reelshort,92M,2026-07-14
break-my-heart-again,reelshort,56.3M,2026-07-14
my-dear-brother-is-obsessed-with-me,reelshort,35M,2026-07-14
runaway-single-mom-safe-in-his-arms,reelshort,57.8M,2026-07-14
breaking-the-ice,reelshort,355.9M,2026-07-14
omg-i-m-surrounded-by-three-princes,reelshort,38.6M,2026-07-14
the-nurse-s-secret-marriage,reelshort,62.4M,2026-07-14
found-a-homeless-billionaire-husband-for-christmas,reelshort,452.7M,2026-07-14
open-your-eyes-my-billionaire-husband,reelshort,104.7M,2026-07-14
wings-of-fire-the-dragon-slayer-is-my-ex-lover,reelshort,24.4M,2026-07-14
the-quarterback-s-first-love,reelshort,41.6M,2026-07-14
how-to-kiss-a-vampire,reelshort,40.9M,2026-07-14
two-alphas-are-in-love-with-me,reelshort,39.9M,2026-07-14
ceo-s-twins-want-mommy-back,reelshort,96.7M,2026-07-14
baby-just-say-yes,reelshort,166.1M,2026-07-14
the-alpha-queen-returns,reelshort,81.5M,2026-07-14
the-virgin-and-the-billionaire,reelshort,194.5M,2026-07-14
her-secret-crusader,reelshort,16.5M,2026-07-14
the-quarterback-next-door,reelshort,99.6M,2026-07-14
i-m-in-love-with-my-brother-s-best-friend,reelshort,73.6M,2026-07-14
breaking-the-deal-with-my-hockey-bad-boy,reelshort,48.7M,2026-07-14
don-t-miss-me-when-i-m-gone,reelshort,192.2M,2026-07-14
sleep-with-me-mortal,reelshort,28.7M,2026-07-14
sweet-wild-bride-of-mine,reelshort,66.9M,2026-07-14
my-sister-is-the-warlord-queen,reelshort,385.3M,2026-07-14
to-my-romeo-with-love,reelshort,28M,2026-07-14
the-billionaire-s-masquerade,reelshort,95.8M,2026-07-14
i-swapped-bodies-with-my-nemesis,reelshort,20.1M,2026-07-14
fix-you,reelshort,27.9M,2026-07-14
bound-to-the-rebel-wolf,reelshort,62.9M,2026-07-14
the-summer-my-heart-stopped,reelshort,12.9M,2026-07-14
a-fated-encounter,reelshort,48.9M,2026-07-14
mommy-i-got-you-a-date,reelshort,30.2M,2026-07-14
the-gourmet-ceo-turns-out-to-be-my-baby-s-dad,reelshort,33M,2026-07-14
the-heiress-is-back-three-brothers-on-their-knees,reelshort,25.2M,2026-07-14
the-beggar-king-returns,reelshort,80.8M,2026-07-14
she-s-not-homeless-she-s-healer-goddess,reelshort,49.7M,2026-07-14
dominated-by-my-dad-s-boss,reelshort,90.4M,2026-07-15
you-fired-a-genius-surgeon,reelshort,31M,2026-07-15
queen-of-the-court,reelshort,53.9M,2026-07-15
swapped-my-ex-for-his-billionaire-uncle,reelshort,93.1M,2026-07-15
meet-my-brothers,reelshort,23.3M,2026-07-15
rented-a-billionaire-husband-for-christmas,reelshort,58.9M,2026-07-15
the-billionaire-and-the-baby-trap,reelshort,21.6M,2026-07-15
american-sniper-the-last-round,reelshort,202.7M,2026-07-15
the-cooking-queen-a-recipe-for-divorce,reelshort,62.2M,2026-07-15
mr-hills-adorable-wife,reelshort,131.8M,2026-07-15
ace-the-golf-king-s-reconquest,reelshort,16.2M,2026-07-15
the-imperfect-marriage,reelshort,20.5M,2026-07-15
chained-to-my-prison-guard,reelshort,29.6M,2026-07-15
the-quarterback-s-first-love,reelshort,43.8M,2026-07-15
the-hitwoman,reelshort,20.9M,2026-07-15
the-billionaire-married-a-homeless-girl,reelshort,104.1M,2026-07-15
i-had-a-baby-without-you,reelshort,172.4M,2026-07-15
two-alphas-are-in-love-with-me,reelshort,43.1M,2026-07-15
daddy-forgot-but-mommy-remembers,reelshort,38.3M,2026-07-15
queen-mom-rules,reelshort,53.2M,2026-07-15
pucked-in-the-friend-zone,reelshort,60M,2026-07-15
how-to-kiss-a-vampire,reelshort,42.4M,2026-07-15
breaking-the-ice,reelshort,358.5M,2026-07-15
found-a-homeless-billionaire-husband-for-christmas,reelshort,462.6M,2026-07-15
cancel-the-wedding-queen-moves-on,reelshort,64.3M,2026-07-15
open-your-eyes-my-billionaire-husband,reelshort,110.9M,2026-07-15
omg-i-m-surrounded-by-three-princes,reelshort,40.2M,2026-07-15
the-nurse-s-secret-marriage,reelshort,65.1M,2026-07-15
wings-of-fire-the-dragon-slayer-is-my-ex-lover,reelshort,25.2M,2026-07-15
in-love-with-a-single-farmer-daddy,reelshort,273.8M,2026-07-15
trapped-in-the-boss-s-embrace,reelshort,102.4M,2026-07-15
ceo-s-twins-want-mommy-back,reelshort,102.7M,2026-07-15
wake-up-my-billionaire-husband,reelshort,1.7M,2026-07-15
baby-please-don-t-marry-him,reelshort,31.3M,2026-07-15
the-lost-prima-ballerina,reelshort,78.4M,2026-07-15
the-quarterback-next-door,reelshort,107.4M,2026-07-15
i-m-in-love-with-my-brother-s-best-friend,reelshort,78.7M,2026-07-15
breaking-the-deal-with-my-hockey-bad-boy,reelshort,51.6M,2026-07-15
don-t-miss-me-when-i-m-gone,reelshort,196.8M,2026-07-15
sleep-with-me-mortal,reelshort,30.1M,2026-07-15
sweet-wild-bride-of-mine,reelshort,74.4M,2026-07-15
dominated-by-my-dad-s-boss,reelshort,90.4M,2026-07-16
you-fired-a-genius-surgeon,reelshort,31M,2026-07-16
queen-of-the-court,reelshort,53.9M,2026-07-16
swapped-my-ex-for-his-billionaire-uncle,reelshort,93.1M,2026-07-16
meet-my-brothers,reelshort,23.3M,2026-07-16
rented-a-billionaire-husband-for-christmas,reelshort,58.9M,2026-07-16
the-billionaire-and-the-baby-trap,reelshort,21.6M,2026-07-16
american-sniper-the-last-round,reelshort,202.7M,2026-07-16
the-cooking-queen-a-recipe-for-divorce,reelshort,56.5M,2026-07-16
mr-hills-adorable-wife,reelshort,131.8M,2026-07-16
how-to-tame-a-silver-fox,reelshort,416.5M,2026-07-16
recipe-for-faking-a-marriage,reelshort,73.6M,2026-07-16
baby-trapped-by-the-billionaire,reelshort,76.2M,2026-07-16
his-one-and-only-love,reelshort,72.4M,2026-07-16
accidental-triplets-with-the-billionaire,reelshort,106.7M,2026-07-16
fake-married-to-my-billionaire-ceo,reelshort,87.7M,2026-07-16
chained-to-my-prison-guard,reelshort,29.6M,2026-07-16
the-quarterback-s-first-love,reelshort,43.9M,2026-07-16
the-hitwoman,reelshort,20.9M,2026-07-16
the-billionaire-married-a-homeless-girl,reelshort,104.2M,2026-07-16
i-had-a-baby-without-you,reelshort,172.5M,2026-07-16
two-alphas-are-in-love-with-me,reelshort,43.2M,2026-07-16
daddy-forgot-but-mommy-remembers,reelshort,38.4M,2026-07-16
queen-mom-rules,reelshort,53.3M,2026-07-16
pucked-in-the-friend-zone,reelshort,60.1M,2026-07-16
how-to-kiss-a-vampire,reelshort,42.4M,2026-07-16
breaking-the-ice,reelshort,358.5M,2026-07-16
found-a-homeless-billionaire-husband-for-christmas,reelshort,462.7M,2026-07-16
cancel-the-wedding-queen-moves-on,reelshort,64.6M,2026-07-16
open-your-eyes-my-billionaire-husband,reelshort,111M,2026-07-16
omg-i-m-surrounded-by-three-princes,reelshort,40.2M,2026-07-16
the-nurse-s-secret-marriage,reelshort,65.1M,2026-07-16
wings-of-fire-the-dragon-slayer-is-my-ex-lover,reelshort,25.2M,2026-07-16
in-love-with-a-single-farmer-daddy,reelshort,274M,2026-07-16
trapped-in-the-boss-s-embrace,reelshort,102.6M,2026-07-16
ceo-s-twins-want-mommy-back,reelshort,102.8M,2026-07-16
wake-up-my-billionaire-husband,reelshort,1.7M,2026-07-16
mic-drop-diva,reelshort,95.7M,2026-07-16
i-m-in-love-with-my-brother-s-best-friend,reelshort,78.8M,2026-07-16
baby-please-don-t-marry-him,reelshort,31.3M,2026-07-16
don-t-miss-me-when-i-m-gone,reelshort,196.9M,2026-07-16
breaking-the-deal-with-my-hockey-bad-boy,reelshort,51.7M,2026-07-16
sleep-with-me-mortal,reelshort,30.1M,2026-07-16
to-my-romeo-with-love,reelshort,30M,2026-07-16
my-sister-is-the-warlord-queen,reelshort,413.5M,2026-07-16
my-double-proxy-marriage-to-a-billionaire,reelshort,54.1M,2026-07-16
sweet-wild-bride-of-mine,reelshort,74.5M,2026-07-16
the-quarterback-next-door,reelshort,107.5M,2026-07-16
the-lost-prima-ballerina,reelshort,78.4M,2026-07-16
big-bad-husband-please-wake-up-2,reelshort,25M,2026-07-16
never-divorce-a-secret-billionaire-heiress,reelshort,99.8M,2026-07-16
fatal-temptation-between-two-alphas,reelshort,31.8M,2026-07-16
cyberking-reclaims-his-throne,reelshort,10.7M,2026-07-16
he-said-the-baby-was-too-expensive,reelshort,26M,2026-07-16
when-forever-fell-apart,reelshort,43.2M,2026-07-16
we-never-said-we-went-bankrupt,reelshort,9.7M,2026-07-16
love-me-bite-me,reelshort,27.9M,2026-07-16
mommy-don-t-cry-daddy-is-sorry,reelshort,226.7M,2026-07-16
the-deaf-heiress-s-secret,reelshort,58.3M,2026-07-16
when-love-walked-away,reelshort,65.1M,2026-07-16
the-beggar-king-returns,reelshort,87.1M,2026-07-16
you-are-my-destiny,reelshort,45.7M,2026-07-16
daddy-help-mommy-s-in-prison,reelshort,137.8M,2026-07-16
the-ceo-s-contract-wife,reelshort,118.1M,2026-07-16
big-bad-husband-please-wake-up,reelshort,115.3M,2026-07-16
